fq,pc,prec,recall,f1_score
1, 1, 0.8233912635039925, 0.3234317343173432, 0.4644323751490264
