fq,pc,prec,recall,f1_score
1, 1, 0.47368421052631576, 0.004672897196261682, 0.009254498714652955
