fq,pc,prec,recall,f1_score
1, 1, 0.25, 0.0001722652885443583, 0.00034429333792391115
