fq,pc,prec,recall,f1_score
1, 1, 0.7617421007685738, 0.16153567547989858, 0.26654713880173314
