fq,pc,prec,recall,f1_score
1, 1, 0.7295004712535345, 0.14031907179115302, 0.23536566823779842
