fq,pc,prec,recall,f1_score
1, 1, 0.757847533632287, 0.1527476500361533, 0.2542500376109523
