fq,pc,prec,recall,f1_score
1, 1, 0.4418604651162791, 0.003284923928077455, 0.006521366054573537
