fq,pc,prec,recall,f1_score
1, 1, 0.7003610108303249, 0.10473276947993522, 0.18221665623043207
