fq,pc,prec,recall,f1_score
1, 1, 0.9784549689440993, 0.9328275351591414, 0.9550966275104206
