fq,pc,prec,recall,f1_score
1, 1, 0.6873065015479877, 0.07925740806854695, 0.14212548015364918
