fq,pc,prec,recall,f1_score
1, 1, 0.7828725556304788, 0.21186131386861315, 0.3334769495906936
