fq,pc,prec,recall,f1_score
1, 1, 0.6774193548387096, 0.09063118144218665, 0.15987311657414752
