fq,pc,prec,recall,f1_score
1, 1, 0.8113300492610838, 0.3041551246537396, 0.44244459368703826
