fq,pc,prec,recall,f1_score
1, 1, 0.8080050031269543, 0.23516563523844194, 0.3643028337797829
