fq,pc,prec,recall,f1_score
1, 1, 0.6766467065868264, 0.06003187533203471, 0.11027976577748863
