fq,pc,prec,recall,f1_score
1, 1, 0.7022397891963109, 0.0955025981006988, 0.16813880126182965
