fq,pc,prec,recall,f1_score
1, 1, 0.6231263383297645, 0.051687388987566606, 0.0954567820239462
