fq,pc,prec,recall,f1_score
1, 1, 0.806677436725902, 0.275165319617928, 0.4103547459252157
