fq,pc,prec,recall,f1_score
1, 1, 0.8342518016108521, 0.36417468541820874, 0.5070204817725106
