fq,pc,prec,recall,f1_score
1, 1, 0.8358272766139376, 0.3615014792899408, 0.5047115012262812
