fq,pc,prec,recall,f1_score
1, 1, 0.9786407766990292, 0.9322974472807991, 0.9549071618037135
