fq,pc,prec,recall,f1_score
1, 1, 0.7421236872812136, 0.11385606874328678, 0.19742356045320503
