fq,pc,prec,recall,f1_score
1, 1, 0.8277904328018223, 0.3353636028054633, 0.47734138972809664
