fq,pc,prec,recall,f1_score
1, 1, 0.7777777777777778, 0.2193111029681202, 0.3421466342718308
