fq,pc,prec,recall,f1_score
1, 1, 0.7562695924764891, 0.1756781358092117, 0.28512335647806175
