fq,pc,prec,recall,f1_score
1, 1, 0.8155048076923077, 0.2471316700054635, 0.3793151642208246
