fq,pc,prec,recall,f1_score
1, 1, 0.8257613579630554, 0.30376492194674015, 0.4441460794844253
