fq,pc,prec,recall,f1_score
1, 1, 0.6447688564476886, 0.04683633792859668, 0.08732904926676553
