fq,pc,prec,recall,f1_score
1, 1, 0.8320813079982324, 0.3478019948282231, 0.4905562068516347
