fq,pc,prec,recall,f1_score
1, 1, 0.804004214963119, 0.2810313075506446, 0.4164847161572053
