fq,pc,prec,recall,f1_score
1, 1, 0.6586206896551724, 0.06815343443354148, 0.12352465642683912
