fq,pc,prec,recall,f1_score
1, 1, 0.744700460829493, 0.14613854223186834, 0.24433020864832178
