fq,pc,prec,recall,f1_score
1, 1, 0.43478260869565216, 0.001725625539257981, 0.0034376074252320385
