fq,pc,prec,recall,f1_score
1, 1, 0.5673076923076923, 0.020647419072615924, 0.03984467330744555
