fq,pc,prec,recall,f1_score
1, 1, 0.569620253164557, 0.0317516316810725, 0.060150375939849614
