fq,pc,prec,recall,f1_score
1, 1, 0.9736070381231672, 0.9251346832621214, 0.9487521432653838
