fq,pc,prec,recall,f1_score
1, 1, 0.6627218934911243, 0.039346565958194274, 0.0742828718288841
