fq,pc,prec,recall,f1_score
1, 1, 0.7826714801444044, 0.19719847189376025, 0.3150247021214763
