fq,pc,prec,recall,f1_score
1, 1, 0.5454545454545454, 0.02531645569620253, 0.04838709677419355
