fq,pc,prec,recall,f1_score
1, 1, 0.751937984496124, 0.12164098889286994, 0.2094063222821897
