fq,pc,prec,recall,f1_score
1, 1, 0.9915933528836754, 0.926392694063927, 0.9578847969782813
