fq,pc,prec,recall,f1_score
1, 1, 0.6235955056179775, 0.019337979094076654, 0.03751267320040554
