fq,pc,prec,recall,f1_score
1, 1, 0.8166576527852893, 0.2764049057294527, 0.413019693654267
