fq,pc,prec,recall,f1_score
1, 1, 0.5555555555555556, 0.011294526498696786, 0.02213896457765668
