fq,pc,prec,recall,f1_score
1, 1, 0.5046728971962616, 0.009383145091225021, 0.01842374616171955
